YearStart,Category,Data_Value_Alt
2016,Total,24.2
2016,Male,21.9
2016,Female,26.4
2016,Less than high school,42.3
2016,High school graduate,29.9
2016,Some college or technical school,21.3
2016,College graduate,12.3
2016,18 - 24,15.4
2016,25 - 34,19.2
2016,35 - 44,21.7
2016,45 - 54,25
2016,55 - 64,28.3
2016,65 or older,32.2
2016,"Less than $15,000",40
2016,"$15,000 - $24,999",34.2
2016,"$25,000 - $34,999",29.2
2016,"$35,000 - $49,999",24.6
2016,"$50,000 - $74,999",19.2
2016,"$75,000 or greater",12.4
2016,Data not reported,27.7
2016,Non-Hispanic White,22.1
2016,Non-Hispanic Black,29.5
2016,Hispanic,30.1
2016,Asian,19.8
2016,Hawaiian/Pacific Islander,17
2016,American Indian/Alaska Native,26.5
2016,2 or more races,21.6
2016,Other,23.4